{
  "name": "Zenoah80",
  "type_eng": "piston",
  "max_power_watts": 4470,
  "EFC": 33.92,
  "operating_rpm": 8000,
  "mechanical_efficiency": 0.75,
  "power_altitude_factor": [
    [0, 1.0],
    [5, 0.8],
    [7, 0.6]
  ],
  "propeller_name":"APC22x10",
  "mach_numbers":[0, 0.004861202, 0.009709371, 0.014570572, 0.019431774, 0.024279943, 0.029141144, 0.034002346, 0.038850515, 0.043711716, 0.048559885, 0.053421087, 0.058282289, 0.063130457, 0.067991659, 0.072852861, 0.07770103, 0.082562231, 0.087423433, 0.092271602, 0.097132803, 0.101994005, 0.106842174, 0.111703375, 0.116564577, 0.121412746, 0.126273948, 0.131135149, 0.135983318],
  "prop_efficiency":[0, 0.0743, 0.1436, 0.2083, 0.2685, 0.3244, 0.3763, 0.4244, 0.4689, 0.5099, 0.5478, 0.5826, 0.6145, 0.6436, 0.67, 0.6937, 0.7148, 0.7332, 0.7487, 0.7613, 0.7706, 0.7759, 0.7766, 0.771, 0.7569, 0.7297, 0.6802, 0.5871, 0.3841]
}