{
  "max_lift": {
    "mach_numbers": [0.01, 0.1, 0.2, 0.3, 0.4, 0.5,0.6],
    "cl_values": [1.39425,  1.37101,  1.34147,  1.30802,  1.27066,  1.22938,  1.18420],
    "stall_angles_deg": [18.50,   18.12,   17.52,   16.75,   15.79,   14.66,   13.35]
  },
  "drag": {
    "mach_numbers": [0.01, 0.1, 0.2, 0.3, 0.4, 0.5,0.6],
    "k_polar": [0.04095,  0.04095,  0.04094,  0.04093,  0.04090,  0.04087,  0.04083],
    "altitudes_km": [0.0,2.0,4.0,11.0],
    "cd0_matrix": [
      [0.03156,  0.02471,  0.02374,  0.02326,  0.02295,  0.02272,  0.02252],
      [0.03252,  0.02503,  0.02403,  0.02354,  0.02323,  0.02299,  0.02279],
      [0.03366,  0.02540,  0.02435,  0.02385,  0.02353,  0.02329,  0.02310],
      [0.04009,  0.02737,  0.02590,  0.02530,  0.02494,  0.02468,  0.02447]
    ]
  }
}