{
  "max_lift": {
    "mach_numbers": [0.05, 0.1, 0.15],
    "cl_values": [1.42, 1.40, 1.38],
    "stall_angles_deg": [20.85, 20.52, 20.15]
  },
  "drag": {
    "mach_numbers": [0.05, 0.1, 0.15, 0.2],
    "k_polar": [0.05007, 0.05007, 0.05007, 0.05007],
    "altitudes_km": [0.0, 0.5, 1.0, 1.5],
    "cd0_matrix": [
      [0.04034, 0.03807, 0.03716, 0.03716],
      [0.04051, 0.03819, 0.03725, 0.03725],
      [0.04069, 0.03831, 0.03734, 0.03725],
      [0.04088, 0.03843, 0.03743, 0.03725]
    ]
  }
}