{
  "max_lift": {
    "mach_numbers": [0.1, 0.2, 0.3, 0.4, 0.5],
    "cl_values": [1.4, 1.36, 1.31, 1.27, 1.23],
    "stall_angles_deg": [18.79, 18.05, 17.15,16.11,14.92]
  },
  "drag": {
    "mach_numbers": [0.1, 0.2, 0.3, 0.4, 0.5],
    "k_polar": [0.04702,0.04701,0.04700,0.04699,0.04696],
    "altitudes_km": [0.0,2.0,4.0,6.0],
    "cd0_matrix": [
      [0.0270, 0.0258, 0.025, 0.0245,0.0241],
      [0.0280, 0.0263, 0.024, 0.0249,0.0245],
      [0.0286, 0.0267, 0.0259,0.0253,0.0249],
      [0.0292, 0.0273, 0.0264,0.0257,0.0253]
    ]
  }
}