{
  "max_lift": {
    "mach_numbers": [0.05, 0.1, 0.15, 0.20, 0.25],
    "cl_values": [1.41654,  1.40687,  1.39584,  1.38346,  1.36973],
    "stall_angles_deg": [19.17, 18.99, 18.76, 18.47, 18.13]
  },
  "drag": {
    "mach_numbers": [0.05, 0.1, 0.15, 0.20, 0.25],
    "k_polar": [0.03463,  0.03463,  0.03463,  0.03462,  0.03462],
    "altitudes_km": [0.0, 2.0, 4.0, 6.0],
    "cd0_matrix": [
      [0.01715,  0.01592,  0.01544,  0.01517,  0.01498],
      [0.01757,  0.01618,  0.01563,  0.01533,  0.01513],
      [0.01807,  0.01650,  0.01587,  0.01553,  0.01531],
      [0.01870,  0.01690,  0.01618,  0.01578,  0.01552]
    ]
  }
}